CY,Q,Month,Month Name,periodID,MonthOrder,MonthNameOrder
2022,Q2,06,June,202206,1,6
2022,Q3,07,July,202207,2,7
2022,Q3,08,August,202208,3,8
2022,Q3,09,September,202209,4,9
2022,Q4,10,October,202210,5,10
2022,Q4,11,November,202211,6,11
2022,Q4,12,December,202212,7,12
2023,Q1,01,January,202301,8,1
2023,Q1,02,February,202302,9,2
2023,Q1,03,March,202303,10,3
2023,Q2,04,April,202304,11,4
2023,Q2,05,May,202305,12,5
2023,Q2,06,June,202306,13,6
2023,Q3,07,July,202307,14,7
2023,Q3,08,August,202308,15,8
2023,Q3,09,September,202309,16,9
2023,Q4,10,October,202310,17,10
2023,Q4,11,November,202311,18,11
2023,Q4,12,December,202312,19,12
2024,Q1,01,January,202401,20,13
2024,Q1,02,February,202402,21,14
2024,Q1,03,March,202403,22,15
2024,Q2,04,April,202404,23,16
2024,Q2,05,May,202405,24,17
2024,Q2,06,June,202406,25,18
2024,Q3,07,July,202407,26,19
2024,Q3,08,August,202408,27,20
2024,Q3,09,September,202409,28,21
2024,Q4,10,October,202410,29,22
2024,Q4,11,November,202411,30,23
2024,Q4,12,December,202412,31,24
2025,Q1,01,January,202501,32,25
2025,Q1,02,February,202502,33,26
2025,Q1,03,March,202503,34,27
2025,Q2,04,April,202504,35,28
2025,Q2,05,May,202505,36,29
2025,Q2,06,June,202506,37,30
2025,Q3,07,July,202507,38,31
2025,Q3,08,August,202508,39,32
2025,Q3,09,September,202509,40,33
2025,Q4,10,October,202510,41,34
2025,Q4,11,November,202511,42,35
2025,Q4,12,December,202512,43,36
2026,Q1,01,January,202601,44,37
2026,Q1,02,February,202602,45,38
2026,Q1,03,March,202603,46,39
2026,Q2,04,April,202604,47,40
2026,Q2,05,May,202605,48,41
2026,Q2,06,June,202606,49,42
2026,Q3,07,July,202607,50,43
2026,Q3,08,August,202608,51,44
2026,Q3,09,September,202609,52,45
2026,Q4,10,October,202610,53,46
2026,Q4,11,November,202611,54,47
2026,Q4,12,December,202612,55,48
2027,Q1,01,January,202701,56,49
2027,Q1,02,February,202702,57,50
2027,Q1,03,March,202703,58,51
2027,Q2,04,April,202704,59,52
2027,Q2,05,May,202705,60,53
2027,Q2,06,June,202706,61,54
2027,Q3,07,July,202707,62,55
2027,Q3,08,August,202708,63,56
2027,Q3,09,September,202709,64,57
2027,Q4,10,October,202710,65,58
2027,Q4,11,November,202711,66,59
2027,Q4,12,December,202712,67,60
2028,Q1,01,January,202801,68,61
2028,Q1,02,February,202802,69,62
2028,Q1,03,March,202803,70,63
2028,Q2,04,April,202804,71,64
2028,Q2,05,May,202805,72,65
2028,Q2,06,June,202806,73,66
2028,Q3,07,July,202807,74,67
2028,Q3,08,August,202808,75,68
2028,Q3,09,September,202809,76,69
2028,Q4,10,October,202810,77,70
2028,Q4,11,November,202811,78,71
2028,Q4,12,December,202812,79,72
