periodID,costInput,costDriverInput,costActivity,DataGranularityL1,DataGranularityL2,DataGranularityL3,DataGranularityL4
202307,-38559.0438,1706819.607,LH 001,Germany,Berlin,0% - 9%,0% - 100%
202308,-63743.29359,1659863.859,LH 001,Germany,Berlin,0% - 9%,0% - 100%
202309,-158545.221,1483106.741,LH 001,Germany,Berlin,0% - 9%,0% - 100%
202310,41209.89534,1855547.889,LH 001,Germany,Berlin,0% - 9%,0% - 100%
202311,-20464.31905,1740557.016,LH 001,Germany,Berlin,0% - 9%,0% - 100%
202312,1937734.247,1834171.013,LH 001,Germany,Berlin,0% - 9%,0% - 100%
202401,1827475.751,1628595.298,LH 001,Germany,Berlin,0% - 9%,0% - 100%
202402,1825996.954,1625838.098,LH 001,Germany,Berlin,0% - 9%,0% - 100%
202403,1821999.638,1618385.147,LH 001,Germany,Berlin,0% - 9%,0% - 100%
202404,2006828.952,1962997.305,LH 001,Germany,Berlin,0% - 9%,0% - 100%
202405,-178880.6566,1445191.552,LH 001,Germany,Berlin,0% - 9%,0% - 100%
202406,-18335.52626,1744526.126,LH 001,Germany,Berlin,0% - 9%,0% - 100%
202407,-33005.42459,1717174.267,LH 001,Germany,Berlin,0% - 9%,0% - 100%
202408,-76396.89378,1636271.365,LH 001,Germany,Berlin,0% - 9%,0% - 100%
202409,1715099.914,1419071.824,LH 001,Germany,Berlin,0% - 9%,0% - 100%
202410,1852318.939,1674915.14,LH 001,Germany,Berlin,0% - 9%,0% - 100%
202411,1855093.448,1680088.181,LH 001,Germany,Berlin,0% - 9%,0% - 100%
202412,1936934.224,1832679.378,LH 001,Germany,Berlin,0% - 9%,0% - 100%
202501,1788221.986,1555407.098,LH 001,Germany,Berlin,0% - 9%,0% - 100%
202502,1837903.64,1648037.979,LH 001,Germany,Berlin,0% - 9%,0% - 100%
202503,1894565.256,1753682.919,LH 001,Germany,Berlin,0% - 9%,0% - 100%
202504,1884521.855,1734957.112,LH 001,Germany,Berlin,0% - 9%,0% - 100%
202505,1933440.052,1826164.535,LH 001,Germany,Berlin,0% - 9%,0% - 100%
202506,1960644.243,1876886.44,LH 001,Germany,Berlin,0% - 9%,0% - 100%
202307,1869430.584,1706819.607,Route 001,Belgium,Brussels,1) 0%,0% - 100%
202308,1844246.334,1659863.859,Route 001,Belgium,Brussels,1) 0%,0% - 100%
202309,1749444.407,1483106.741,Route 001,Belgium,Brussels,1) 0%,0% - 100%
202310,1949199.523,1855547.889,Route 001,Belgium,Brussels,1) 0%,0% - 100%
202311,1887525.308,1740557.016,Route 001,Belgium,Brussels,1) 0%,0% - 100%
202312,1937734.247,1834171.013,Route 001,Belgium,Brussels,1) 0%,0% - 100%
202401,1827475.751,1628595.298,Route 001,Belgium,Brussels,1) 0%,0% - 100%
202402,1825996.954,1625838.098,Route 001,Belgium,Brussels,1) 0%,0% - 100%
202403,1821999.638,1618385.147,Route 001,Belgium,Brussels,1) 0%,0% - 100%
202404,2006828.952,1962997.305,Route 001,Belgium,Brussels,1) 0%,0% - 100%
202405,1729108.971,1445191.552,Route 001,Belgium,Brussels,1) 0%,0% - 100%
202406,1889654.101,1744526.126,Route 001,Belgium,Brussels,1) 0%,0% - 100%
202407,1874984.203,1717174.267,Route 001,Belgium,Brussels,1) 0%,0% - 100%
202408,1831592.734,1636271.365,Route 001,Belgium,Brussels,1) 0%,0% - 100%
202409,1715099.914,1419071.824,Route 001,Belgium,Brussels,1) 0%,0% - 100%
202410,1852318.939,1674915.14,Route 001,Belgium,Brussels,1) 0%,0% - 100%
202411,1855093.448,1680088.181,Route 001,Belgium,Brussels,1) 0%,0% - 100%
202412,1936934.224,1832679.378,Route 001,Belgium,Brussels,1) 0%,0% - 100%
202501,1788221.986,1555407.098,Route 001,Belgium,Brussels,1) 0%,0% - 100%
202502,1837903.64,1648037.979,Route 001,Belgium,Brussels,1) 0%,0% - 100%
202503,1894565.256,1753682.919,Route 001,Belgium,Brussels,1) 0%,0% - 100%
202504,1884521.855,1734957.112,Route 001,Belgium,Brussels,1) 0%,0% - 100%
202505,1933440.052,1826164.535,Route 001,Belgium,Brussels,1) 0%,0% - 100%
202506,1960644.243,1876886.44,Route 001,Belgium,Brussels,1) 0%,0% - 100%
202307,1869430.584,1706819.607,Route 002,Belgium,Brussels,2) 20%,0% - 100%
202308,1844246.334,1659863.859,Route 002,Belgium,Brussels,2) 20%,0% - 100%
202309,1749444.407,1483106.741,Route 002,Belgium,Brussels,2) 20%,0% - 100%
202310,1949199.523,1855547.889,Route 002,Belgium,Brussels,2) 20%,0% - 100%
202311,2018219.578,1740557.016,Route 002,Belgium,Brussels,2) 20%,0% - 100%
202312,2016433.402,1834171.013,Route 002,Belgium,Brussels,2) 20%,0% - 100%
202401,1827475.751,1628595.298,Route 002,Belgium,Brussels,2) 20%,0% - 100%
202402,1825996.954,1625838.098,Route 002,Belgium,Brussels,2) 20%,0% - 100%
202403,1821999.638,1618385.147,Route 002,Belgium,Brussels,2) 20%,0% - 100%
202404,2006828.952,1962997.305,Route 002,Belgium,Brussels,2) 20%,0% - 100%
202405,1744611.254,1445191.552,Route 002,Belgium,Brussels,2) 20%,0% - 100%
202406,2020646.401,1744526.126,Route 002,Belgium,Brussels,2) 20%,0% - 100%
202407,1874984.203,1717174.267,Route 002,Belgium,Brussels,2) 20%,0% - 100%
202408,1831592.734,1636271.365,Route 002,Belgium,Brussels,2) 20%,0% - 100%
202409,1715099.914,1419071.824,Route 002,Belgium,Brussels,2) 20%,0% - 100%
202410,1852318.939,1674915.14,Route 002,Belgium,Brussels,2) 20%,0% - 100%
202411,1909159.367,1680088.181,Route 002,Belgium,Brussels,2) 20%,0% - 100%
202412,1936934.224,1832679.378,Route 002,Belgium,Brussels,2) 20%,0% - 100%
202501,1788221.986,1555407.098,Route 002,Belgium,Brussels,2) 20%,0% - 100%
202502,1837903.64,1648037.979,Route 002,Belgium,Brussels,2) 20%,0% - 100%
202503,1894565.256,1753682.919,Route 002,Belgium,Brussels,2) 20%,0% - 100%
202504,1884521.855,1734957.112,Route 002,Belgium,Brussels,2) 20%,0% - 100%
202505,1972617.862,1826164.535,Route 002,Belgium,Brussels,2) 20%,0% - 100%
202506,2151907.635,1876886.44,Route 002,Belgium,Brussels,2) 20%,0% - 100%
202307,1869430.584,1706819.607,Route 003,Belgium,Brussels,3) 40%,0% - 100%
202308,1844246.334,1659863.859,Route 003,Belgium,Brussels,3) 40%,0% - 100%
202309,1749444.407,1483106.741,Route 003,Belgium,Brussels,3) 40%,0% - 100%
202310,1949199.523,1855547.889,Route 003,Belgium,Brussels,3) 40%,0% - 100%
202311,1906195.918,1740557.016,Route 003,Belgium,Brussels,3) 40%,0% - 100%
202312,2193506.5,1834171.013,Route 003,Belgium,Brussels,3) 40%,0% - 100%
202401,1827475.751,1628595.298,Route 003,Belgium,Brussels,3) 40%,0% - 100%
202402,1825996.954,1625838.098,Route 003,Belgium,Brussels,3) 40%,0% - 100%
202403,1821999.638,1618385.147,Route 003,Belgium,Brussels,3) 40%,0% - 100%
202404,2006828.952,1962997.305,Route 003,Belgium,Brussels,3) 40%,0% - 100%
202405,1798869.245,1445191.552,Route 003,Belgium,Brussels,3) 40%,0% - 100%
202406,2114212.33,1744526.126,Route 003,Belgium,Brussels,3) 40%,0% - 100%
202407,1874984.203,1717174.267,Route 003,Belgium,Brussels,3) 40%,0% - 100%
202408,1831592.734,1636271.365,Route 003,Belgium,Brussels,3) 40%,0% - 100%
202409,1715099.914,1419071.824,Route 003,Belgium,Brussels,3) 40%,0% - 100%
202410,1852318.939,1674915.14,Route 003,Belgium,Brussels,3) 40%,0% - 100%
202411,2026302.189,1680088.181,Route 003,Belgium,Brussels,3) 40%,0% - 100%
202412,2064716.347,1832679.378,Route 003,Belgium,Brussels,3) 40%,0% - 100%
202501,1788221.986,1555407.098,Route 003,Belgium,Brussels,3) 40%,0% - 100%
202502,1837903.64,1648037.979,Route 003,Belgium,Brussels,3) 40%,0% - 100%
202503,1894565.256,1753682.919,Route 003,Belgium,Brussels,3) 40%,0% - 100%
202504,1884521.855,1734957.112,Route 003,Belgium,Brussels,3) 40%,0% - 100%
202505,1982412.314,1826164.535,Route 003,Belgium,Brussels,3) 40%,0% - 100%
202506,1980777.232,1876886.44,Route 003,Belgium,Brussels,3) 40%,0% - 100%
202307,1869430.584,1706819.607,Route 004,Belgium,Brussels,4) 60%,0% - 100%
202308,1844246.334,1659863.859,Route 004,Belgium,Brussels,4) 60%,0% - 100%
202309,1749444.407,1483106.741,Route 004,Belgium,Brussels,4) 60%,0% - 100%
202310,1949199.523,1855547.889,Route 004,Belgium,Brussels,4) 60%,0% - 100%
202311,2438308.3,1740557.016,Route 004,Belgium,Brussels,4) 60%,0% - 100%
202312,2016433.402,1834171.013,Route 004,Belgium,Brussels,4) 60%,0% - 100%
202401,1827475.751,1628595.298,Route 004,Belgium,Brussels,4) 60%,0% - 100%
202402,1825996.954,1625838.098,Route 004,Belgium,Brussels,4) 60%,0% - 100%
202403,1821999.638,1618385.147,Route 004,Belgium,Brussels,4) 60%,0% - 100%
202404,2006828.952,1962997.305,Route 004,Belgium,Brussels,4) 60%,0% - 100%
202405,2039154.634,1445191.552,Route 004,Belgium,Brussels,4) 60%,0% - 100%
202406,2235848.038,1744526.126,Route 004,Belgium,Brussels,4) 60%,0% - 100%
202407,1874984.203,1717174.267,Route 004,Belgium,Brussels,4) 60%,0% - 100%
202408,1831592.734,1636271.365,Route 004,Belgium,Brussels,4) 60%,0% - 100%
202409,1715099.914,1419071.824,Route 004,Belgium,Brussels,4) 60%,0% - 100%
202410,1852318.939,1674915.14,Route 004,Belgium,Brussels,4) 60%,0% - 100%
202411,2314653.752,1680088.181,Route 004,Belgium,Brussels,4) 60%,0% - 100%
202412,2398915.746,1832679.378,Route 004,Belgium,Brussels,4) 60%,0% - 100%
202501,1788221.986,1555407.098,Route 004,Belgium,Brussels,4) 60%,0% - 100%
202502,1837903.64,1648037.979,Route 004,Belgium,Brussels,4) 60%,0% - 100%
202503,1894565.256,1753682.919,Route 004,Belgium,Brussels,4) 60%,0% - 100%
202504,1884521.855,1734957.112,Route 004,Belgium,Brussels,4) 60%,0% - 100%
202505,2491723.838,1826164.535,Route 004,Belgium,Brussels,4) 60%,0% - 100%
202506,2564633.901,1876886.44,Route 004,Belgium,Brussels,4) 60%,0% - 100%
202307,1869430.584,1706819.607,Route 005,Belgium,Brussels,5) 80%,0% - 100%
202308,1844246.334,1659863.859,Route 005,Belgium,Brussels,5) 80%,0% - 100%
202309,1749444.407,1483106.741,Route 005,Belgium,Brussels,5) 80%,0% - 100%
202310,1949199.523,1855547.889,Route 005,Belgium,Brussels,5) 80%,0% - 100%
202311,2335619.946,1740557.016,Route 005,Belgium,Brussels,5) 80%,0% - 100%
202312,2390254.387,1834171.013,Route 005,Belgium,Brussels,5) 80%,0% - 100%
202401,1827475.751,1628595.298,Route 005,Belgium,Brussels,5) 80%,0% - 100%
202402,1825996.954,1625838.098,Route 005,Belgium,Brussels,5) 80%,0% - 100%
202403,1821999.638,1618385.147,Route 005,Belgium,Brussels,5) 80%,0% - 100%
202404,2006828.952,1962997.305,Route 005,Belgium,Brussels,5) 80%,0% - 100%
202405,1899634.086,1445191.552,Route 005,Belgium,Brussels,5) 80%,0% - 100%
202406,2516545.824,1744526.126,Route 005,Belgium,Brussels,5) 80%,0% - 100%
202407,1874984.203,1717174.267,Route 005,Belgium,Brussels,5) 80%,0% - 100%
202408,1831592.734,1636271.365,Route 005,Belgium,Brussels,5) 80%,0% - 100%
202409,1715099.914,1419071.824,Route 005,Belgium,Brussels,5) 80%,0% - 100%
202410,1852318.939,1674915.14,Route 005,Belgium,Brussels,5) 80%,0% - 100%
202411,2116412.053,1680088.181,Route 005,Belgium,Brussels,5) 80%,0% - 100%
202412,2674138.781,1832679.378,Route 005,Belgium,Brussels,5) 80%,0% - 100%
202501,1788221.986,1555407.098,Route 005,Belgium,Brussels,5) 80%,0% - 100%
202502,1837903.64,1648037.979,Route 005,Belgium,Brussels,5) 80%,0% - 100%
202503,1894565.256,1753682.919,Route 005,Belgium,Brussels,5) 80%,0% - 100%
202504,1884521.855,1734957.112,Route 005,Belgium,Brussels,5) 80%,0% - 100%
202505,2364395.957,1826164.535,Route 005,Belgium,Brussels,5) 80%,0% - 100%
202506,2594833.384,1876886.44,Route 005,Belgium,Brussels,5) 80%,0% - 100%
202307,1869430.584,1706819.607,Route 006,Belgium,Brussels,6) 100%,0% - 200%
202308,1844246.334,1659863.859,Route 006,Belgium,Brussels,6) 100%,0% - 200%
202309,1749444.407,1483106.741,Route 006,Belgium,Brussels,6) 100%,0% - 200%
202310,1949199.523,1855547.889,Route 006,Belgium,Brussels,6) 100%,0% - 200%
202311,2540996.655,1740557.016,Route 006,Belgium,Brussels,6) 100%,0% - 200%
202312,2488628.33,1834171.013,Route 006,Belgium,Brussels,6) 100%,0% - 200%
202401,1827475.751,1628595.298,Route 006,Belgium,Brussels,6) 100%,0% - 200%
202402,1825996.954,1625838.098,Route 006,Belgium,Brussels,6) 100%,0% - 200%
202403,1821999.638,1618385.147,Route 006,Belgium,Brussels,6) 100%,0% - 200%
202404,2006828.952,1962997.305,Route 006,Belgium,Brussels,6) 100%,0% - 200%
202405,1907385.227,1445191.552,Route 006,Belgium,Brussels,6) 100%,0% - 200%
202406,2011289.809,1744526.126,Route 006,Belgium,Brussels,6) 100%,0% - 200%
202407,1874984.203,1717174.267,Route 006,Belgium,Brussels,6) 100%,0% - 200%
202408,1831592.734,1636271.365,Route 006,Belgium,Brussels,6) 100%,0% - 200%
202409,1715099.914,1419071.824,Route 006,Belgium,Brussels,6) 100%,0% - 200%
202410,1852318.939,1674915.14,Route 006,Belgium,Brussels,6) 100%,0% - 200%
202411,2116412.053,1680088.181,Route 006,Belgium,Brussels,6) 100%,0% - 200%
202412,2556186.052,1832679.378,Route 006,Belgium,Brussels,6) 100%,0% - 200%
202501,1788221.986,1555407.098,Route 006,Belgium,Brussels,6) 100%,0% - 200%
202502,1837903.64,1648037.979,Route 006,Belgium,Brussels,6) 100%,0% - 200%
202503,1894565.256,1753682.919,Route 006,Belgium,Brussels,6) 100%,0% - 200%
202504,1884521.855,1734957.112,Route 006,Belgium,Brussels,6) 100%,0% - 200%
202505,2452546.029,1826164.535,Route 006,Belgium,Brussels,6) 100%,0% - 200%
202506,2172040.623,1876886.44,Route 006,Belgium,Brussels,6) 100%,0% - 200%
202307,1869430.584,1706819.607,Route 007,Belgium,Brussels,7) 120%,0% - 200%
202308,1844246.334,1659863.859,Route 007,Belgium,Brussels,7) 120%,0% - 200%
202309,1749444.407,1483106.741,Route 007,Belgium,Brussels,7) 120%,0% - 200%
202310,1949199.523,1855547.889,Route 007,Belgium,Brussels,7) 120%,0% - 200%
202311,2858397.023,1740557.016,Route 007,Belgium,Brussels,7) 120%,0% - 200%
202312,2980498.047,1834171.013,Route 007,Belgium,Brussels,7) 120%,0% - 200%
202401,1827475.751,1628595.298,Route 007,Belgium,Brussels,7) 120%,0% - 200%
202402,1825996.954,1625838.098,Route 007,Belgium,Brussels,7) 120%,0% - 200%
202403,1821999.638,1618385.147,Route 007,Belgium,Brussels,7) 120%,0% - 200%
202404,2006828.952,1962997.305,Route 007,Belgium,Brussels,7) 120%,0% - 200%
202405,2263937.739,1445191.552,Route 007,Belgium,Brussels,7) 120%,0% - 200%
202406,2132925.516,1744526.126,Route 007,Belgium,Brussels,7) 120%,0% - 200%
202407,1874984.203,1717174.267,Route 007,Belgium,Brussels,7) 120%,0% - 200%
202408,1831592.734,1636271.365,Route 007,Belgium,Brussels,7) 120%,0% - 200%
202409,1715099.914,1419071.824,Route 007,Belgium,Brussels,7) 120%,0% - 200%
202410,1852318.939,1674915.14,Route 007,Belgium,Brussels,7) 120%,0% - 200%
202411,2882345.892,1680088.181,Route 007,Belgium,Brussels,7) 120%,0% - 200%
202412,2359598.17,1832679.378,Route 007,Belgium,Brussels,7) 120%,0% - 200%
202501,1788221.986,1555407.098,Route 007,Belgium,Brussels,7) 120%,0% - 200%
202502,1837903.64,1648037.979,Route 007,Belgium,Brussels,7) 120%,0% - 200%
202503,1894565.256,1753682.919,Route 007,Belgium,Brussels,7) 120%,0% - 200%
202504,1884521.855,1734957.112,Route 007,Belgium,Brussels,7) 120%,0% - 200%
202505,1992206.767,1826164.535,Route 007,Belgium,Brussels,7) 120%,0% - 200%
202506,2625032.866,1876886.44,Route 007,Belgium,Brussels,7) 120%,0% - 200%
202307,1869430.584,1706819.607,Route 008,Belgium,Brussels,8) 140%,0% - 200%
202308,1844246.334,1659863.859,Route 008,Belgium,Brussels,8) 140%,0% - 200%
202309,1749444.407,1483106.741,Route 008,Belgium,Brussels,8) 140%,0% - 200%
202310,1949199.523,1855547.889,Route 008,Belgium,Brussels,8) 140%,0% - 200%
202311,2522326.045,1740557.016,Route 008,Belgium,Brussels,8) 140%,0% - 200%
202312,3078871.99,1834171.013,Route 008,Belgium,Brussels,8) 140%,0% - 200%
202401,1827475.751,1628595.298,Route 008,Belgium,Brussels,8) 140%,0% - 200%
202402,1825996.954,1625838.098,Route 008,Belgium,Brussels,8) 140%,0% - 200%
202403,1821999.638,1618385.147,Route 008,Belgium,Brussels,8) 140%,0% - 200%
202404,2006828.952,1962997.305,Route 008,Belgium,Brussels,8) 140%,0% - 200%
202405,2380204.863,1445191.552,Route 008,Belgium,Brussels,8) 140%,0% - 200%
202406,3077941.396,1744526.126,Route 008,Belgium,Brussels,8) 140%,0% - 200%
202407,1874984.203,1717174.267,Route 008,Belgium,Brussels,8) 140%,0% - 200%
202408,1831592.734,1636271.365,Route 008,Belgium,Brussels,8) 140%,0% - 200%
202409,1715099.914,1419071.824,Route 008,Belgium,Brussels,8) 140%,0% - 200%
202410,1852318.939,1674915.14,Route 008,Belgium,Brussels,8) 140%,0% - 200%
202411,2206521.916,1680088.181,Route 008,Belgium,Brussels,8) 140%,0% - 200%
202412,3057485.151,1832679.378,Route 008,Belgium,Brussels,8) 140%,0% - 200%
202501,1788221.986,1555407.098,Route 008,Belgium,Brussels,8) 140%,0% - 200%
202502,1837903.64,1648037.979,Route 008,Belgium,Brussels,8) 140%,0% - 200%
202503,1894565.256,1753682.919,Route 008,Belgium,Brussels,8) 140%,0% - 200%
202504,1884521.855,1734957.112,Route 008,Belgium,Brussels,8) 140%,0% - 200%
202505,2256656.981,1826164.535,Route 008,Belgium,Brussels,8) 140%,0% - 200%
202506,2172040.623,1876886.44,Route 008,Belgium,Brussels,8) 140%,0% - 200%
202307,1869430.584,1706819.607,Route 009,Belgium,Brussels,9) 160%,0% - 200%
202308,1844246.334,1659863.859,Route 009,Belgium,Brussels,9) 160%,0% - 200%
202309,1749444.407,1483106.741,Route 009,Belgium,Brussels,9) 160%,0% - 200%
202310,1949199.523,1855547.889,Route 009,Belgium,Brussels,9) 160%,0% - 200%
202311,2167584.457,1740557.016,Route 009,Belgium,Brussels,9) 160%,0% - 200%
202312,3108384.173,1834171.013,Route 009,Belgium,Brussels,9) 160%,0% - 200%
202401,1827475.751,1628595.298,Route 009,Belgium,Brussels,9) 160%,0% - 200%
202402,1825996.954,1625838.098,Route 009,Belgium,Brussels,9) 160%,0% - 200%
202403,1821999.638,1618385.147,Route 009,Belgium,Brussels,9) 160%,0% - 200%
202404,2006828.952,1962997.305,Route 009,Belgium,Brussels,9) 160%,0% - 200%
202405,2581734.544,1445191.552,Route 009,Belgium,Brussels,9) 160%,0% - 200%
202406,3190220.511,1744526.126,Route 009,Belgium,Brussels,9) 160%,0% - 200%
202407,1874984.203,1717174.267,Route 009,Belgium,Brussels,9) 160%,0% - 200%
202408,1831592.734,1636271.365,Route 009,Belgium,Brussels,9) 160%,0% - 200%
202409,1715099.914,1419071.824,Route 009,Belgium,Brussels,9) 160%,0% - 200%
202410,1852318.939,1674915.14,Route 009,Belgium,Brussels,9) 160%,0% - 200%
202411,2548939.397,1680088.181,Route 009,Belgium,Brussels,9) 160%,0% - 200%
202412,3509637.28,1832679.378,Route 009,Belgium,Brussels,9) 160%,0% - 200%
202501,1788221.986,1555407.098,Route 009,Belgium,Brussels,9) 160%,0% - 200%
202502,1837903.64,1648037.979,Route 009,Belgium,Brussels,9) 160%,0% - 200%
202503,1894565.256,1753682.919,Route 009,Belgium,Brussels,9) 160%,0% - 200%
202504,1884521.855,1734957.112,Route 009,Belgium,Brussels,9) 160%,0% - 200%
202505,3010829.815,1826164.535,Route 009,Belgium,Brussels,9) 160%,0% - 200%
202506,3218956.03,1876886.44,Route 009,Belgium,Brussels,9) 160%,0% - 200%
202307,1869430.584,1706819.607,Route 010,Belgium,Brussels,10) 180%,0% - 200%
202308,1844246.334,1659863.859,Route 010,Belgium,Brussels,10) 180%,0% - 200%
202309,1749444.407,1483106.741,Route 010,Belgium,Brussels,10) 180%,0% - 200%
202310,1949199.523,1855547.889,Route 010,Belgium,Brussels,10) 180%,0% - 200%
202311,2699696.839,1740557.016,Route 010,Belgium,Brussels,10) 180%,0% - 200%
202312,2252530.866,1834171.013,Route 010,Belgium,Brussels,10) 180%,0% - 200%
202401,1827475.751,1628595.298,Route 010,Belgium,Brussels,10) 180%,0% - 200%
202402,1825996.954,1625838.098,Route 010,Belgium,Brussels,10) 180%,0% - 200%
202403,1821999.638,1618385.147,Route 010,Belgium,Brussels,10) 180%,0% - 200%
202404,2006828.952,1962997.305,Route 010,Belgium,Brussels,10) 180%,0% - 200%
202405,1775615.82,1445191.552,Route 010,Belgium,Brussels,10) 180%,0% - 200%
202406,2862739.76,1744526.126,Route 010,Belgium,Brussels,10) 180%,0% - 200%
202407,1874984.203,1717174.267,Route 010,Belgium,Brussels,10) 180%,0% - 200%
202408,1831592.734,1636271.365,Route 010,Belgium,Brussels,10) 180%,0% - 200%
202409,1715099.914,1419071.824,Route 010,Belgium,Brussels,10) 180%,0% - 200%
202410,1852318.939,1674915.14,Route 010,Belgium,Brussels,10) 180%,0% - 200%
202411,2702126.165,1680088.181,Route 010,Belgium,Brussels,10) 180%,0% - 200%
202412,3155779.092,1832679.378,Route 010,Belgium,Brussels,10) 180%,0% - 200%
202501,1788221.986,1555407.098,Route 010,Belgium,Brussels,10) 180%,0% - 200%
202502,1837903.64,1648037.979,Route 010,Belgium,Brussels,10) 180%,0% - 200%
202503,1894565.256,1753682.919,Route 010,Belgium,Brussels,10) 180%,0% - 200%
202504,1884521.855,1734957.112,Route 010,Belgium,Brussels,10) 180%,0% - 200%
202505,2530901.648,1826164.535,Route 010,Belgium,Brussels,10) 180%,0% - 200%
202506,3621615.801,1876886.44,Route 010,Belgium,Brussels,10) 180%,0% - 200%
202307,1869430.584,1706819.607,HUB 001,Spain,Barcelona,1) 0%,0% - 100%
202308,1844246.334,1659863.859,HUB 001,Spain,Barcelona,1) 0%,0% - 100%
202309,1749444.407,1483106.741,HUB 001,Spain,Barcelona,1) 0%,0% - 100%
202310,2903194.337,1855547.889,HUB 001,Spain,Barcelona,1) 0%,0% - 100%
202311,2841520.122,1740557.016,HUB 001,Spain,Barcelona,1) 0%,0% - 100%
202312,2891729.061,1834171.013,HUB 001,Spain,Barcelona,1) 0%,0% - 100%
202401,1827475.751,1628595.298,HUB 001,Spain,Barcelona,1) 0%,0% - 100%
202402,1825996.954,1625838.098,HUB 001,Spain,Barcelona,1) 0%,0% - 100%
202403,1821999.638,1618385.147,HUB 001,Spain,Barcelona,1) 0%,0% - 100%
202404,2960823.765,1962997.305,HUB 001,Spain,Barcelona,1) 0%,0% - 100%
202405,3637098.598,1445191.552,HUB 001,Spain,Barcelona,1) 0%,0% - 100%
202406,2843648.915,1744526.126,HUB 001,Spain,Barcelona,1) 0%,0% - 100%
202407,1874984.203,1717174.267,HUB 001,Spain,Barcelona,1) 0%,0% - 100%
202408,1831592.734,1636271.365,HUB 001,Spain,Barcelona,1) 0%,0% - 100%
202409,1715099.914,1419071.824,HUB 001,Spain,Barcelona,1) 0%,0% - 100%
202410,1852318.939,1674915.14,HUB 001,Spain,Barcelona,1) 0%,0% - 100%
202411,1855093.448,1680088.181,HUB 001,Spain,Barcelona,1) 0%,0% - 100%
202412,2890929.037,1832679.378,HUB 001,Spain,Barcelona,1) 0%,0% - 100%
202501,3696211.614,1555407.098,HUB 001,Spain,Barcelona,1) 0%,0% - 100%
202502,4699888.082,1648037.979,HUB 001,Spain,Barcelona,1) 0%,0% - 100%
202503,4756549.698,1753682.919,HUB 001,Spain,Barcelona,1) 0%,0% - 100%
202504,4746506.297,1734957.112,HUB 001,Spain,Barcelona,1) 0%,0% - 100%
202505,4795424.494,1826164.535,HUB 001,Spain,Barcelona,1) 0%,0% - 100%
202506,4822628.684,1876886.44,HUB 001,Spain,Barcelona,1) 0%,0% - 100%
202307,1869430.584,1706819.607,HUB 002,Spain,Barcelona,2) 20%,0% - 100%
202308,1844246.334,1659863.859,HUB 002,Spain,Barcelona,2) 20%,0% - 100%
202309,1749444.407,1483106.741,HUB 002,Spain,Barcelona,2) 20%,0% - 100%
202310,2903194.337,1855547.889,HUB 002,Spain,Barcelona,2) 20%,0% - 100%
202311,2906867.257,1740557.016,HUB 002,Spain,Barcelona,2) 20%,0% - 100%
202312,2940916.033,1834171.013,HUB 002,Spain,Barcelona,2) 20%,0% - 100%
202401,1827475.751,1628595.298,HUB 002,Spain,Barcelona,2) 20%,0% - 100%
202402,1825996.954,1625838.098,HUB 002,Spain,Barcelona,2) 20%,0% - 100%
202403,1821999.638,1618385.147,HUB 002,Spain,Barcelona,2) 20%,0% - 100%
202404,2960823.765,1962997.305,HUB 002,Spain,Barcelona,2) 20%,0% - 100%
202405,3706858.873,1445191.552,HUB 002,Spain,Barcelona,2) 20%,0% - 100%
202406,3021424.18,1744526.126,HUB 002,Spain,Barcelona,2) 20%,0% - 100%
202407,1874984.203,1717174.267,HUB 002,Spain,Barcelona,2) 20%,0% - 100%
202408,1831592.734,1636271.365,HUB 002,Spain,Barcelona,2) 20%,0% - 100%
202409,1715099.914,1419071.824,HUB 002,Spain,Barcelona,2) 20%,0% - 100%
202410,1852318.939,1674915.14,HUB 002,Spain,Barcelona,2) 20%,0% - 100%
202411,1927181.339,1680088.181,HUB 002,Spain,Barcelona,2) 20%,0% - 100%
202412,2930246.614,1832679.378,HUB 002,Spain,Barcelona,2) 20%,0% - 100%
202501,3696211.614,1555407.098,HUB 002,Spain,Barcelona,2) 20%,0% - 100%
202502,4699888.082,1648037.979,HUB 002,Spain,Barcelona,2) 20%,0% - 100%
202503,4756549.698,1753682.919,HUB 002,Spain,Barcelona,2) 20%,0% - 100%
202504,4746506.297,1734957.112,HUB 002,Spain,Barcelona,2) 20%,0% - 100%
202505,4971724.636,1826164.535,HUB 002,Spain,Barcelona,2) 20%,0% - 100%
202506,5003825.582,1876886.44,HUB 002,Spain,Barcelona,2) 20%,0% - 100%
202307,1869430.584,1706819.607,HUB 003,Spain,Barcelona,3) 40%,0% - 100%
202308,1844246.334,1659863.859,HUB 003,Spain,Barcelona,3) 40%,0% - 100%
202309,1749444.407,1483106.741,HUB 003,Spain,Barcelona,3) 40%,0% - 100%
202310,2903194.337,1855547.889,HUB 003,Spain,Barcelona,3) 40%,0% - 100%
202311,3121579.271,1740557.016,HUB 003,Spain,Barcelona,3) 40%,0% - 100%
202312,2901566.455,1834171.013,HUB 003,Spain,Barcelona,3) 40%,0% - 100%
202401,1827475.751,1628595.298,HUB 003,Spain,Barcelona,3) 40%,0% - 100%
202402,1825996.954,1625838.098,HUB 003,Spain,Barcelona,3) 40%,0% - 100%
202403,1821999.638,1618385.147,HUB 003,Spain,Barcelona,3) 40%,0% - 100%
202404,2960823.765,1962997.305,HUB 003,Spain,Barcelona,3) 40%,0% - 100%
202405,3916139.695,1445191.552,HUB 003,Spain,Barcelona,3) 40%,0% - 100%
202406,2899788.472,1744526.126,HUB 003,Spain,Barcelona,3) 40%,0% - 100%
202407,1874984.203,1717174.267,HUB 003,Spain,Barcelona,3) 40%,0% - 100%
202408,1831592.734,1636271.365,HUB 003,Spain,Barcelona,3) 40%,0% - 100%
202409,1715099.914,1419071.824,HUB 003,Spain,Barcelona,3) 40%,0% - 100%
202410,1852318.939,1674915.14,HUB 003,Spain,Barcelona,3) 40%,0% - 100%
202411,1945203.312,1680088.181,HUB 003,Spain,Barcelona,3) 40%,0% - 100%
202412,3215299.043,1832679.378,HUB 003,Spain,Barcelona,3) 40%,0% - 100%
202501,3696211.614,1555407.098,HUB 003,Spain,Barcelona,3) 40%,0% - 100%
202502,4699888.082,1648037.979,HUB 003,Spain,Barcelona,3) 40%,0% - 100%
202503,4756549.698,1753682.919,HUB 003,Spain,Barcelona,3) 40%,0% - 100%
202504,4746506.297,1734957.112,HUB 003,Spain,Barcelona,3) 40%,0% - 100%
202505,4971724.636,1826164.535,HUB 003,Spain,Barcelona,3) 40%,0% - 100%
202506,5124623.513,1876886.44,HUB 003,Spain,Barcelona,3) 40%,0% - 100%
202307,1869430.584,1706819.607,HUB 004,Spain,Barcelona,4) 60%,0% - 100%
202308,1844246.334,1659863.859,HUB 004,Spain,Barcelona,4) 60%,0% - 100%
202309,1749444.407,1483106.741,HUB 004,Spain,Barcelona,4) 60%,0% - 100%
202310,2903194.337,1855547.889,HUB 004,Spain,Barcelona,4) 60%,0% - 100%
202311,2878861.342,1740557.016,HUB 004,Spain,Barcelona,4) 60%,0% - 100%
202312,3304899.623,1834171.013,HUB 004,Spain,Barcelona,4) 60%,0% - 100%
202401,1827475.751,1628595.298,HUB 004,Spain,Barcelona,4) 60%,0% - 100%
202402,1825996.954,1625838.098,HUB 004,Spain,Barcelona,4) 60%,0% - 100%
202403,1821999.638,1618385.147,HUB 004,Spain,Barcelona,4) 60%,0% - 100%
202404,2960823.765,1962997.305,HUB 004,Spain,Barcelona,4) 60%,0% - 100%
202405,4047909.102,1445191.552,HUB 004,Spain,Barcelona,4) 60%,0% - 100%
202406,2927858.251,1744526.126,HUB 004,Spain,Barcelona,4) 60%,0% - 100%
202407,1874984.203,1717174.267,HUB 004,Spain,Barcelona,4) 60%,0% - 100%
202408,1831592.734,1636271.365,HUB 004,Spain,Barcelona,4) 60%,0% - 100%
202409,1715099.914,1419071.824,HUB 004,Spain,Barcelona,4) 60%,0% - 100%
202410,1852318.939,1674915.14,HUB 004,Spain,Barcelona,4) 60%,0% - 100%
202411,2332675.725,1680088.181,HUB 004,Spain,Barcelona,4) 60%,0% - 100%
202412,3382398.742,1832679.378,HUB 004,Spain,Barcelona,4) 60%,0% - 100%
202501,3696211.614,1555407.098,HUB 004,Spain,Barcelona,4) 60%,0% - 100%
202502,4699888.082,1648037.979,HUB 004,Spain,Barcelona,4) 60%,0% - 100%
202503,4756549.698,1753682.919,HUB 004,Spain,Barcelona,4) 60%,0% - 100%
202504,4746506.297,1734957.112,HUB 004,Spain,Barcelona,4) 60%,0% - 100%
202505,5118641.422,1826164.535,HUB 004,Spain,Barcelona,4) 60%,0% - 100%
202506,4933360.122,1876886.44,HUB 004,Spain,Barcelona,4) 60%,0% - 100%
202307,1869430.584,1706819.607,HUB 005,Spain,Barcelona,5) 80%,0% - 100%
202308,1844246.334,1659863.859,HUB 005,Spain,Barcelona,5) 80%,0% - 100%
202309,1749444.407,1483106.741,HUB 005,Spain,Barcelona,5) 80%,0% - 100%
202310,2903194.337,1855547.889,HUB 005,Spain,Barcelona,5) 80%,0% - 100%
202311,3317620.674,1740557.016,HUB 005,Spain,Barcelona,5) 80%,0% - 100%
202312,3668883.214,1834171.013,HUB 005,Spain,Barcelona,5) 80%,0% - 100%
202401,1827475.751,1628595.298,HUB 005,Spain,Barcelona,5) 80%,0% - 100%
202402,1825996.954,1625838.098,HUB 005,Spain,Barcelona,5) 80%,0% - 100%
202403,1821999.638,1618385.147,HUB 005,Spain,Barcelona,5) 80%,0% - 100%
202404,2960823.765,1962997.305,HUB 005,Spain,Barcelona,5) 80%,0% - 100%
202405,3668103.165,1445191.552,HUB 005,Spain,Barcelona,5) 80%,0% - 100%
202406,3564106.566,1744526.126,HUB 005,Spain,Barcelona,5) 80%,0% - 100%
202407,1874984.203,1717174.267,HUB 005,Spain,Barcelona,5) 80%,0% - 100%
202408,1831592.734,1636271.365,HUB 005,Spain,Barcelona,5) 80%,0% - 100%
202409,1715099.914,1419071.824,HUB 005,Spain,Barcelona,5) 80%,0% - 100%
202410,1852318.939,1674915.14,HUB 005,Spain,Barcelona,5) 80%,0% - 100%
202411,2044324.162,1680088.181,HUB 005,Spain,Barcelona,5) 80%,0% - 100%
202412,3382398.742,1832679.378,HUB 005,Spain,Barcelona,5) 80%,0% - 100%
202501,3696211.614,1555407.098,HUB 005,Spain,Barcelona,5) 80%,0% - 100%
202502,4699888.082,1648037.979,HUB 005,Spain,Barcelona,5) 80%,0% - 100%
202503,4756549.698,1753682.919,HUB 005,Spain,Barcelona,5) 80%,0% - 100%
202504,4746506.297,1734957.112,HUB 005,Spain,Barcelona,5) 80%,0% - 100%
202505,5304736.018,1826164.535,HUB 005,Spain,Barcelona,5) 80%,0% - 100%
202506,5285687.422,1876886.44,HUB 005,Spain,Barcelona,5) 80%,0% - 100%
202307,1869430.584,1706819.607,HUB 006,Spain,Barcelona,6) 100%,0% - 200%
202308,1844246.334,1659863.859,HUB 006,Spain,Barcelona,6) 100%,0% - 200%
202309,1749444.407,1483106.741,HUB 006,Spain,Barcelona,6) 100%,0% - 200%
202310,2903194.337,1855547.889,HUB 006,Spain,Barcelona,6) 100%,0% - 200%
202311,3252273.54,1740557.016,HUB 006,Spain,Barcelona,6) 100%,0% - 200%
202312,3531159.693,1834171.013,HUB 006,Spain,Barcelona,6) 100%,0% - 200%
202401,1827475.751,1628595.298,HUB 006,Spain,Barcelona,6) 100%,0% - 200%
202402,1825996.954,1625838.098,HUB 006,Spain,Barcelona,6) 100%,0% - 200%
202403,1821999.638,1618385.147,HUB 006,Spain,Barcelona,6) 100%,0% - 200%
202404,2960823.765,1962997.305,HUB 006,Spain,Barcelona,6) 100%,0% - 200%
202405,4148673.942,1445191.552,HUB 006,Spain,Barcelona,6) 100%,0% - 200%
202406,3414401.08,1744526.126,HUB 006,Spain,Barcelona,6) 100%,0% - 200%
202407,1874984.203,1717174.267,HUB 006,Spain,Barcelona,6) 100%,0% - 200%
202408,1831592.734,1636271.365,HUB 006,Spain,Barcelona,6) 100%,0% - 200%
202409,1715099.914,1419071.824,HUB 006,Spain,Barcelona,6) 100%,0% - 200%
202410,1852318.939,1674915.14,HUB 006,Spain,Barcelona,6) 100%,0% - 200%
202411,2116412.053,1680088.181,HUB 006,Spain,Barcelona,6) 100%,0% - 200%
202412,2999052.373,1832679.378,HUB 006,Spain,Barcelona,6) 100%,0% - 200%
202501,3696211.614,1555407.098,HUB 006,Spain,Barcelona,6) 100%,0% - 200%
202502,4699888.082,1648037.979,HUB 006,Spain,Barcelona,6) 100%,0% - 200%
202503,4756549.698,1753682.919,HUB 006,Spain,Barcelona,6) 100%,0% - 200%
202504,4746506.297,1734957.112,HUB 006,Spain,Barcelona,6) 100%,0% - 200%
202505,5412474.994,1826164.535,HUB 006,Spain,Barcelona,6) 100%,0% - 200%
202506,5436684.836,1876886.44,HUB 006,Spain,Barcelona,6) 100%,0% - 200%
202307,1869430.584,1706819.607,HUB 007,Spain,Barcelona,7) 120%,0% - 200%
202308,1844246.334,1659863.859,HUB 007,Spain,Barcelona,7) 120%,0% - 200%
202309,1749444.407,1483106.741,HUB 007,Spain,Barcelona,7) 120%,0% - 200%
202310,2903194.337,1855547.889,HUB 007,Spain,Barcelona,7) 120%,0% - 200%
202311,3009555.611,1740557.016,HUB 007,Spain,Barcelona,7) 120%,0% - 200%
202312,3413110.961,1834171.013,HUB 007,Spain,Barcelona,7) 120%,0% - 200%
202401,1827475.751,1628595.298,HUB 007,Spain,Barcelona,7) 120%,0% - 200%
202402,1825996.954,1625838.098,HUB 007,Spain,Barcelona,7) 120%,0% - 200%
202403,1821999.638,1618385.147,HUB 007,Spain,Barcelona,7) 120%,0% - 200%
202404,2960823.765,1962997.305,HUB 007,Spain,Barcelona,7) 120%,0% - 200%
202405,4427715.039,1445191.552,HUB 007,Spain,Barcelona,7) 120%,0% - 200%
202406,3489253.823,1744526.126,HUB 007,Spain,Barcelona,7) 120%,0% - 200%
202407,1874984.203,1717174.267,HUB 007,Spain,Barcelona,7) 120%,0% - 200%
202408,1831592.734,1636271.365,HUB 007,Spain,Barcelona,7) 120%,0% - 200%
202409,1715099.914,1419071.824,HUB 007,Spain,Barcelona,7) 120%,0% - 200%
202410,1852318.939,1674915.14,HUB 007,Spain,Barcelona,7) 120%,0% - 200%
202411,2584983.343,1680088.181,HUB 007,Spain,Barcelona,7) 120%,0% - 200%
202412,3775574.506,1832679.378,HUB 007,Spain,Barcelona,7) 120%,0% - 200%
202501,3696211.614,1555407.098,HUB 007,Spain,Barcelona,7) 120%,0% - 200%
202502,4699888.082,1648037.979,HUB 007,Spain,Barcelona,7) 120%,0% - 200%
202503,4756549.698,1753682.919,HUB 007,Spain,Barcelona,7) 120%,0% - 200%
202504,4746506.297,1734957.112,HUB 007,Spain,Barcelona,7) 120%,0% - 200%
202505,5432063.899,1826164.535,HUB 007,Spain,Barcelona,7) 120%,0% - 200%
202506,5144756.502,1876886.44,HUB 007,Spain,Barcelona,7) 120%,0% - 200%
202307,1869430.584,1706819.607,HUB 008,Spain,Barcelona,8) 140%,0% - 200%
202308,1844246.334,1659863.859,HUB 008,Spain,Barcelona,8) 140%,0% - 200%
202309,1749444.407,1483106.741,HUB 008,Spain,Barcelona,8) 140%,0% - 200%
202310,2903194.337,1855547.889,HUB 008,Spain,Barcelona,8) 140%,0% - 200%
202311,3812391.837,1740557.016,HUB 008,Spain,Barcelona,8) 140%,0% - 200%
202312,3973842.438,1834171.013,HUB 008,Spain,Barcelona,8) 140%,0% - 200%
202401,1827475.751,1628595.298,HUB 008,Spain,Barcelona,8) 140%,0% - 200%
202402,1825996.954,1625838.098,HUB 008,Spain,Barcelona,8) 140%,0% - 200%
202403,1821999.638,1618385.147,HUB 008,Spain,Barcelona,8) 140%,0% - 200%
202404,2960823.765,1962997.305,HUB 008,Spain,Barcelona,8) 140%,0% - 200%
202405,4520728.738,1445191.552,HUB 008,Spain,Barcelona,8) 140%,0% - 200%
202406,3985153.246,1744526.126,HUB 008,Spain,Barcelona,8) 140%,0% - 200%
202407,1874984.203,1717174.267,HUB 008,Spain,Barcelona,8) 140%,0% - 200%
202408,1831592.734,1636271.365,HUB 008,Spain,Barcelona,8) 140%,0% - 200%
202409,1715099.914,1419071.824,HUB 008,Spain,Barcelona,8) 140%,0% - 200%
202410,1852318.939,1674915.14,HUB 008,Spain,Barcelona,8) 140%,0% - 200%
202411,3116631.537,1680088.181,HUB 008,Spain,Barcelona,8) 140%,0% - 200%
202412,3608474.807,1832679.378,HUB 008,Spain,Barcelona,8) 140%,0% - 200%
202501,3696211.614,1555407.098,HUB 008,Spain,Barcelona,8) 140%,0% - 200%
202502,4699888.082,1648037.979,HUB 008,Spain,Barcelona,8) 140%,0% - 200%
202503,4756549.698,1753682.919,HUB 008,Spain,Barcelona,8) 140%,0% - 200%
202504,4746506.297,1734957.112,HUB 008,Spain,Barcelona,8) 140%,0% - 200%
202505,4912957.922,1826164.535,HUB 008,Spain,Barcelona,8) 140%,0% - 200%
202506,5487017.308,1876886.44,HUB 008,Spain,Barcelona,8) 140%,0% - 200%
202307,1869430.584,1706819.607,HUB 009,Spain,Barcelona,9) 160%,0% - 200%
202308,1844246.334,1659863.859,HUB 009,Spain,Barcelona,9) 160%,0% - 200%
202309,1749444.407,1483106.741,HUB 009,Spain,Barcelona,9) 160%,0% - 200%
202310,2903194.337,1855547.889,HUB 009,Spain,Barcelona,9) 160%,0% - 200%
202311,3093573.356,1740557.016,HUB 009,Spain,Barcelona,9) 160%,0% - 200%
202312,3373761.384,1834171.013,HUB 009,Spain,Barcelona,9) 160%,0% - 200%
202401,1827475.751,1628595.298,HUB 009,Spain,Barcelona,9) 160%,0% - 200%
202402,1825996.954,1625838.098,HUB 009,Spain,Barcelona,9) 160%,0% - 200%
202403,1821999.638,1618385.147,HUB 009,Spain,Barcelona,9) 160%,0% - 200%
202404,2960823.765,1962997.305,HUB 009,Spain,Barcelona,9) 160%,0% - 200%
202405,3792121.43,1445191.552,HUB 009,Spain,Barcelona,9) 160%,0% - 200%
202406,3264695.594,1744526.126,HUB 009,Spain,Barcelona,9) 160%,0% - 200%
202407,1874984.203,1717174.267,HUB 009,Spain,Barcelona,9) 160%,0% - 200%
202408,1831592.734,1636271.365,HUB 009,Spain,Barcelona,9) 160%,0% - 200%
202409,1715099.914,1419071.824,HUB 009,Spain,Barcelona,9) 160%,0% - 200%
202410,1852318.939,1674915.14,HUB 009,Spain,Barcelona,9) 160%,0% - 200%
202411,2990477.728,1680088.181,HUB 009,Spain,Barcelona,9) 160%,0% - 200%
202412,2920417.22,1832679.378,HUB 009,Spain,Barcelona,9) 160%,0% - 200%
202501,3696211.614,1555407.098,HUB 009,Spain,Barcelona,9) 160%,0% - 200%
202502,4699888.082,1648037.979,HUB 009,Spain,Barcelona,9) 160%,0% - 200%
202503,4756549.698,1753682.919,HUB 009,Spain,Barcelona,9) 160%,0% - 200%
202504,4746506.297,1734957.112,HUB 009,Spain,Barcelona,9) 160%,0% - 200%
202505,6342947.97,1826164.535,HUB 009,Spain,Barcelona,9) 160%,0% - 200%
202506,5185022.479,1876886.44,HUB 009,Spain,Barcelona,9) 160%,0% - 200%
202307,1869430.584,1706819.607,HUB 010,Spain,Barcelona,10) 180%,0% - 200%
202308,1844246.334,1659863.859,HUB 010,Spain,Barcelona,10) 180%,0% - 200%
202309,1749444.407,1483106.741,HUB 010,Spain,Barcelona,10) 180%,0% - 200%
202310,2903194.337,1855547.889,HUB 010,Spain,Barcelona,10) 180%,0% - 200%
202311,4391180.743,1740557.016,HUB 010,Spain,Barcelona,10) 180%,0% - 200%
202312,3550834.482,1834171.013,HUB 010,Spain,Barcelona,10) 180%,0% - 200%
202401,1827475.751,1628595.298,HUB 010,Spain,Barcelona,10) 180%,0% - 200%
202402,1825996.954,1625838.098,HUB 010,Spain,Barcelona,10) 180%,0% - 200%
202403,1821999.638,1618385.147,HUB 010,Spain,Barcelona,10) 180%,0% - 200%
202404,2960823.765,1962997.305,HUB 010,Spain,Barcelona,10) 180%,0% - 200%
202405,5024552.94,1445191.552,HUB 010,Spain,Barcelona,10) 180%,0% - 200%
202406,3910300.503,1744526.126,HUB 010,Spain,Barcelona,10) 180%,0% - 200%
202407,1874984.203,1717174.267,HUB 010,Spain,Barcelona,10) 180%,0% - 200%
202408,1831592.734,1636271.365,HUB 010,Spain,Barcelona,10) 180%,0% - 200%
202409,1715099.914,1419071.824,HUB 010,Spain,Barcelona,10) 180%,0% - 200%
202410,1852318.939,1674915.14,HUB 010,Spain,Barcelona,10) 180%,0% - 200%
202411,2053335.148,1680088.181,HUB 010,Spain,Barcelona,10) 180%,0% - 200%
202412,4286703,1832679.378,HUB 010,Spain,Barcelona,10) 180%,0% - 200%
202501,3696211.614,1555407.098,HUB 010,Spain,Barcelona,10) 180%,0% - 200%
202502,4699888.082,1648037.979,HUB 010,Spain,Barcelona,10) 180%,0% - 200%
202503,4756549.698,1753682.919,HUB 010,Spain,Barcelona,10) 180%,0% - 200%
202504,4746506.297,1734957.112,HUB 010,Spain,Barcelona,10) 180%,0% - 200%
202505,5363502.732,1826164.535,HUB 010,Spain,Barcelona,10) 180%,0% - 200%
202506,6543999.208,1876886.44,HUB 010,Spain,Barcelona,10) 180%,0% - 200%
